question,ground_truth_answer,generated_answer,user_input,retrieved_contexts,response,reference,faithfulness,answer_relevancy,context_precision,context_recall
Siapa nama pengembang perumahan ini dan apa entitas legal proyeknya?,Nama pengembangnya adalah PT Bumi Nirwana Estate dan entitas legal proyeknya adalah PT. Margojoyo Anugrah Persada.,Nama pengembang perumahan ini adalah PT Bumi Nirwana Estate. Entitas legal proyeknya adalah PT Margojoyo Anugrah Persada.,Siapa nama pengembang perumahan ini dan apa entitas legal proyeknya?,['Nama pengembangnya adalah PT Bumi Nirwana Estate dan entitas legal proyeknya adalah PT. Margojoyo Anugrah Persada.'],Nama pengembang perumahan ini adalah PT Bumi Nirwana Estate. Entitas legal proyeknya adalah PT Margojoyo Anugrah Persada.,Nama pengembangnya adalah PT Bumi Nirwana Estate dan entitas legal proyeknya adalah PT. Margojoyo Anugrah Persada.,,0.0,0.0,1.0
Di mana saja lokasi utama proyek perumahan yang Anda kembangkan di Lumajang?,"Proyek kami berlokasi di tiga area kunci: Klampokarum (Kecamatan Tekung), Sumberejo (Kecamatan Sukodono), dan di pusat kota di Ditotrunana.","Lokasi utama proyek perumahan di Lumajang adalah di area Klampokarum, Tekung (Kecamatan Tekung), dan Sumberejo (Kecamatan Sukodono) dalam area Kunci 1, 2, dan 3, respectivelly.",Di mana saja lokasi utama proyek perumahan yang Anda kembangkan di Lumajang?,"['Proyek kami berlokasi di tiga area kunci: Klampokarum (Kecamatan Tekung), Sumberejo (Kecamatan Sukodono), dan di pusat kota di Ditotrunana.']","Lokasi utama proyek perumahan di Lumajang adalah di area Klampokarum, Tekung (Kecamatan Tekung), dan Sumberejo (Kecamatan Sukodono) dalam area Kunci 1, 2, dan 3, respectivelly.","Proyek kami berlokasi di tiga area kunci: Klampokarum (Kecamatan Tekung), Sumberejo (Kecamatan Sukodono), dan di pusat kota di Ditotrunana.",,,,
"Saya ingin datang langsung ke kantor, di mana alamat kantor pemasarannya?","Kantor pemasaran kami beralamat di Jalan Achmad Yani No. 172, Lumajang. Anda juga bisa menghubungi kami di nomor 081999998000.","Maaf, saya tidak dapat menemukan informasi yang Anda cari.","Saya ingin datang langsung ke kantor, di mana alamat kantor pemasarannya?","['Kantor pemasaran kami beralamat di Jalan Achmad Yani No. 172, Lumajang. Anda juga bisa menghubungi kami di nomor 081999998000.']","Maaf, saya tidak dapat menemukan informasi yang Anda cari.","Kantor pemasaran kami beralamat di Jalan Achmad Yani No. 172, Lumajang. Anda juga bisa menghubungi kami di nomor 081999998000.",,,0.0,1.0
Berapa harga rumah subsidi di The Margojoyo Residence dan berapa DP-nya?,Harga jual rumah subsidi di The Margojoyo Residence adalah Rp 166.000.000 dengan Uang Muka (DP) sebesar 1% atau Rp 1.660.000.,"Harga rumah subsidi di The Margojoyo Residence adalah Rp 166.000.000. Namun, dalam simbol dan format yang mengecewakan, tidak ada informasi tentang DP atau uang muka yang diperlukan untuk membeli rumah tersebut. Untuk mendapatkan detail lainnya seperti harga dan promo, silahkan hubungi penjual atau admin yang menawarkan produk ini.",Berapa harga rumah subsidi di The Margojoyo Residence dan berapa DP-nya?,['Harga jual rumah subsidi di The Margojoyo Residence adalah Rp 166.000.000 dengan Uang Muka (DP) sebesar 1% atau Rp 1.660.000.'],"Harga rumah subsidi di The Margojoyo Residence adalah Rp 166.000.000. Namun, dalam simbol dan format yang mengecewakan, tidak ada informasi tentang DP atau uang muka yang diperlukan untuk membeli rumah tersebut. Untuk mendapatkan detail lainnya seperti harga dan promo, silahkan hubungi penjual atau admin yang menawarkan produk ini.",Harga jual rumah subsidi di The Margojoyo Residence adalah Rp 166.000.000 dengan Uang Muka (DP) sebesar 1% atau Rp 1.660.000.,,0.0,0.0,0.5
Berapa simulasi angsuran KPR per bulan untuk rumah subsidi di Margojoyo dengan tenor 15 tahun?,"Untuk tenor 15 tahun, simulasi angsuran KPR per bulannya adalah Rp 1.299.000.",Angsuran KPR per bulan untuk rumah subsidi di Margojoyo dengan tenor 15 tahun adalah sekitar Rp 1.299.000.,Berapa simulasi angsuran KPR per bulan untuk rumah subsidi di Margojoyo dengan tenor 15 tahun?,"['Untuk tenor 15 tahun, simulasi angsuran KPR per bulannya adalah Rp 1.299.000.']",Angsuran KPR per bulan untuk rumah subsidi di Margojoyo dengan tenor 15 tahun adalah sekitar Rp 1.299.000.,"Untuk tenor 15 tahun, simulasi angsuran KPR per bulannya adalah Rp 1.299.000.",,0.0,0.0,0.5
Apa saja spesifikasi rumah subsidi Tipe 30/72 di Margojoyo?,"Spesifikasinya mencakup 2 kamar tidur, 1 kamar mandi, carport, dapur, area taman, daya listrik 900 Watt, dan sumber air dari sumur bor.","Spesifikasi rumah subsidi Tipe 30/72 di Margojoyo meliputi:

1. Luas Bangunan: 30 m²
2. Luas Tanah: 72 m²
3. Jumlah Kamar Tidur: 2
4. Jumlah Kamar Mandi: 1
5. Carport: Tersedia
6. Desain Rumahan: Tipe Subsidi
7. Area Taman: Tidak disebutkan spesifik
8. Daya Listrik: 900 Watt
9. Sumber Air: Sumur Bor

Saya minta maaf, saya tidak dapat menemukan informasi yang Anda cari untuk spesifikasi rumah subsidi di Margojoyo.",Apa saja spesifikasi rumah subsidi Tipe 30/72 di Margojoyo?,"['Spesifikasinya mencakup 2 kamar tidur, 1 kamar mandi, carport, dapur, area taman, daya listrik 900 Watt, dan sumber air dari sumur bor.']","Spesifikasi rumah subsidi Tipe 30/72 di Margojoyo meliputi:

1. Luas Bangunan: 30 m²
2. Luas Tanah: 72 m²
3. Jumlah Kamar Tidur: 2
4. Jumlah Kamar Mandi: 1
5. Carport: Tersedia
6. Desain Rumahan: Tipe Subsidi
7. Area Taman: Tidak disebutkan spesifik
8. Daya Listrik: 900 Watt
9. Sumber Air: Sumur Bor

Saya minta maaf, saya tidak dapat menemukan informasi yang Anda cari untuk spesifikasi rumah subsidi di Margojoyo.","Spesifikasinya mencakup 2 kamar tidur, 1 kamar mandi, carport, dapur, area taman, daya listrik 900 Watt, dan sumber air dari sumur bor.",,,,0.5
"Selain rumah, apakah ada properti lain yang dijual di The Margojoyo Residence?","Ya, kami juga menyediakan Ruko (Rumah Toko) 2 Lantai dengan harga Rp 250.000.000.","Maaf, saya tidak dapat menemukan informasi yang Anda cari. Mohon berikan detail atau konteks lebih lanjut untuk membantu Anda lebih baik.","Selain rumah, apakah ada properti lain yang dijual di The Margojoyo Residence?","['Ya, kami juga menyediakan Ruko (Rumah Toko) 2 Lantai dengan harga Rp 250.000.000.']","Maaf, saya tidak dapat menemukan informasi yang Anda cari. Mohon berikan detail atau konteks lebih lanjut untuk membantu Anda lebih baik.","Ya, kami juga menyediakan Ruko (Rumah Toko) 2 Lantai dengan harga Rp 250.000.000.",,,0.0,0.0
Saya seorang milenial dengan gaji UMR dan kesulitan menabung untuk DP. Apakah ada solusi perumahan untuk saya?,Tentu ada. Perumahan Bumi Nirwana Sumberejo dirancang khusus untuk milenial atau masyarakat dengan gaji UMR dan menawarkan promo utama Tanpa DP (DP 0%).,"Maaf, saya tidak dapat menemukan informasi yang Anda cari.",Saya seorang milenial dengan gaji UMR dan kesulitan menabung untuk DP. Apakah ada solusi perumahan untuk saya?,['Tentu ada. Perumahan Bumi Nirwana Sumberejo dirancang khusus untuk milenial atau masyarakat dengan gaji UMR dan menawarkan promo utama Tanpa DP (DP 0%).'],"Maaf, saya tidak dapat menemukan informasi yang Anda cari.",Tentu ada. Perumahan Bumi Nirwana Sumberejo dirancang khusus untuk milenial atau masyarakat dengan gaji UMR dan menawarkan promo utama Tanpa DP (DP 0%).,,,0.9999999999,0.5
Berapa harga rumah di Bumi Nirwana Sumberejo dan apa saja promonya?,Harga rumah Tipe 30/60 di sana adalah Rp 166.000.000. Promonya adalah Tanpa DP (DP 0%) dan Gratis Semua Biaya.,"Harga rumah di Bumi Nirwana Sumberejo adalah Rp 166.000.000 dan untuk promonya, Anda membutuhkan informasi lebih lanjut atau kontak langsung dengan perusahaan untuk mendapatkan detail lengkap.",Berapa harga rumah di Bumi Nirwana Sumberejo dan apa saja promonya?,['Harga rumah Tipe 30/60 di sana adalah Rp 166.000.000. Promonya adalah Tanpa DP (DP 0%) dan Gratis Semua Biaya.'],"Harga rumah di Bumi Nirwana Sumberejo adalah Rp 166.000.000 dan untuk promonya, Anda membutuhkan informasi lebih lanjut atau kontak langsung dengan perusahaan untuk mendapatkan detail lengkap.",Harga rumah Tipe 30/60 di sana adalah Rp 166.000.000. Promonya adalah Tanpa DP (DP 0%) dan Gratis Semua Biaya.,,,0.0,1.0
Apa saja ruangan yang ada di dalam rumah di Bumi Nirwana Sumberejo?,"Rumah di Bumi Nirwana Sumberejo memiliki 2 kamar tidur, 1 kamar mandi, carport, dan sebuah ruang serbaguna.",Rumah di Bumi Nirwana Sumberejo memiliki total 2 kamar tidur.,Apa saja ruangan yang ada di dalam rumah di Bumi Nirwana Sumberejo?,"['Rumah di Bumi Nirwana Sumberejo memiliki 2 kamar tidur, 1 kamar mandi, carport, dan sebuah ruang serbaguna.']",Rumah di Bumi Nirwana Sumberejo memiliki total 2 kamar tidur.,"Rumah di Bumi Nirwana Sumberejo memiliki 2 kamar tidur, 1 kamar mandi, carport, dan sebuah ruang serbaguna.",,0.0,0.9999999999,0.5
Apa konsep yang diusung oleh perumahan The Royal Avenue?,The Royal Avenue adalah perumahan komersil premium yang berlokasi di jantung kota Lumajang dengan konsep hunian mewah 2 lantai berdesain modern dan elegan.,"Konsep yang diusung oleh perumahan The Royal Avenue adalah ""Hunian mewah 2 lantai dengan desain modern dan elegan."" Ini berarti bahwa properti ini dirancang untuk mencapai tingkat kenyamanan tinggi untuk keluarga atau individu yang ingin memiliki hunian di rumah dengan tingkat desain yang lebih tinggi dibandingkan dengan rumah biasa.",Apa konsep yang diusung oleh perumahan The Royal Avenue?,['The Royal Avenue adalah perumahan komersil premium yang berlokasi di jantung kota Lumajang dengan konsep hunian mewah 2 lantai berdesain modern dan elegan.'],"Konsep yang diusung oleh perumahan The Royal Avenue adalah ""Hunian mewah 2 lantai dengan desain modern dan elegan."" Ini berarti bahwa properti ini dirancang untuk mencapai tingkat kenyamanan tinggi untuk keluarga atau individu yang ingin memiliki hunian di rumah dengan tingkat desain yang lebih tinggi dibandingkan dengan rumah biasa.",The Royal Avenue adalah perumahan komersil premium yang berlokasi di jantung kota Lumajang dengan konsep hunian mewah 2 lantai berdesain modern dan elegan.,,0.0,,1.0
Apa fasilitas paling unggul yang ditawarkan di setiap unit The Royal Avenue?,Fasilitas unggulan di The Royal Avenue adalah setiap rumah dilengkapi dengan kolam renang pribadi.,"Fasilitas Unggulan di setiap unit The Royal Avenue termasuk:
- Kolam renang pribadi
- Garasi untuk 1 mobil 
- Dapur tersedia

Selain itu, Anda juga dapat menemukan informasi lainnya yang relevan di konteks ini.",Apa fasilitas paling unggul yang ditawarkan di setiap unit The Royal Avenue?,['Fasilitas unggulan di The Royal Avenue adalah setiap rumah dilengkapi dengan kolam renang pribadi.'],"Fasilitas Unggulan di setiap unit The Royal Avenue termasuk:
- Kolam renang pribadi
- Garasi untuk 1 mobil 
- Dapur tersedia

Selain itu, Anda juga dapat menemukan informasi lainnya yang relevan di konteks ini.",Fasilitas unggulan di The Royal Avenue adalah setiap rumah dilengkapi dengan kolam renang pribadi.,,,0.0,0.5
Berapa harga satu unit rumah di The Royal Avenue dan ada promo apa?,"Harga per unitnya adalah Rp 300.000.000 dengan promo spesial ""Gratis Semua Biaya"".","Harga satu unit rumah di The Royal Avenue adalah Rp 300.000.000. Untuk lebih banyak informasi seputar promo yang tersedia, silakan hubungi tim marketing PT Bumir Nirwana Estate.",Berapa harga satu unit rumah di The Royal Avenue dan ada promo apa?,"['Harga per unitnya adalah Rp 300.000.000 dengan promo spesial ""Gratis Semua Biaya"".']","Harga satu unit rumah di The Royal Avenue adalah Rp 300.000.000. Untuk lebih banyak informasi seputar promo yang tersedia, silakan hubungi tim marketing PT Bumir Nirwana Estate.","Harga per unitnya adalah Rp 300.000.000 dengan promo spesial ""Gratis Semua Biaya"".",,0.0,0.0,1.0
Apa yang dimaksud dengan Uang Tanda Jadi (UTJ) dan apakah bisa dikembalikan jika saya batal membeli?,UTJ adalah biaya untuk mengamankan unit pilihan Anda. Biaya ini tidak dapat dikembalikan (hangus) jika terjadi pembatalan sepihak dari konsumen.,"Uang Tanda Jadi (UTJ) adalah biaya yang dikenakan untuk menjamin lokasi properti yang diinginkan. Biaya ini tergantung pada jenis properti, yaitu rumah subsidi atau ruko. Anda tidak dapat dikembalikan UTM jika menghabiskannya karena pembatalan sepihak oleh konsumen.

Apabila Anda batal membeli properti, Anda juga tidak dapat mengambil kembali biaya tersebut.",Apa yang dimaksud dengan Uang Tanda Jadi (UTJ) dan apakah bisa dikembalikan jika saya batal membeli?,['UTJ adalah biaya untuk mengamankan unit pilihan Anda. Biaya ini tidak dapat dikembalikan (hangus) jika terjadi pembatalan sepihak dari konsumen.'],"Uang Tanda Jadi (UTJ) adalah biaya yang dikenakan untuk menjamin lokasi properti yang diinginkan. Biaya ini tergantung pada jenis properti, yaitu rumah subsidi atau ruko. Anda tidak dapat dikembalikan UTM jika menghabiskannya karena pembatalan sepihak oleh konsumen.

Apabila Anda batal membeli properti, Anda juga tidak dapat mengambil kembali biaya tersebut.",UTJ adalah biaya untuk mengamankan unit pilihan Anda. Biaya ini tidak dapat dikembalikan (hangus) jika terjadi pembatalan sepihak dari konsumen.,,0.7141955575617684,,1.0
"Bagaimana jika pengajuan KPR saya ditolak oleh bank, apakah Uang Muka (DP) saya bisa kembali?","Ya, Uang Muka (DP) dapat dikembalikan jika pengajuan KPR Anda ditolak oleh bank karena masalah BI Checking.","Maaf, saya tidak dapat menemukan informasi yang Anda cari. Apa lagi bantuan yang bisa saya berikan?","Bagaimana jika pengajuan KPR saya ditolak oleh bank, apakah Uang Muka (DP) saya bisa kembali?","['Ya, Uang Muka (DP) dapat dikembalikan jika pengajuan KPR Anda ditolak oleh bank karena masalah BI Checking.']","Maaf, saya tidak dapat menemukan informasi yang Anda cari. Apa lagi bantuan yang bisa saya berikan?","Ya, Uang Muka (DP) dapat dikembalikan jika pengajuan KPR Anda ditolak oleh bank karena masalah BI Checking.",,,0.9999999999,1.0
Apa saja biaya yang sudah termasuk dalam harga jual rumah?,"Harga jual sudah termasuk biaya perizinan IMB/PBG, instalasi listrik, dan sumber air dari sumur pasak.","Harga dan skema pembayaran Rumah Subsidi (Margojoyo) termasuk:
- Uang Tanda Jadi (UTJ): Rp 1.000.000
- Uang Muka (DP): 1% atau Rp 1.660.000",Apa saja biaya yang sudah termasuk dalam harga jual rumah?,"['Harga jual sudah termasuk biaya perizinan IMB/PBG, instalasi listrik, dan sumber air dari sumur pasak.']","Harga dan skema pembayaran Rumah Subsidi (Margojoyo) termasuk:
- Uang Tanda Jadi (UTJ): Rp 1.000.000
- Uang Muka (DP): 1% atau Rp 1.660.000","Harga jual sudah termasuk biaya perizinan IMB/PBG, instalasi listrik, dan sumber air dari sumur pasak.",,,,
Dokumen apa saja yang umumnya diperlukan untuk mengajukan KPR?,"Persyaratan dokumen umum meliputi fotokopi KTP, KK, NPWP, Pas Foto, Surat Nikah (jika sudah menikah), Slip Gaji 3 bulan terakhir, dan Surat Keterangan Kerja.","Maaf, saya tidak dapat menemukan informasi yang Anda cari. Silakan jelaskan lagi atau berikan detail lebih lanjut tentang dokumen yang dimaksudkan.",Dokumen apa saja yang umumnya diperlukan untuk mengajukan KPR?,"['Persyaratan dokumen umum meliputi fotokopi KTP, KK, NPWP, Pas Foto, Surat Nikah (jika sudah menikah), Slip Gaji 3 bulan terakhir, dan Surat Keterangan Kerja.']","Maaf, saya tidak dapat menemukan informasi yang Anda cari. Silakan jelaskan lagi atau berikan detail lebih lanjut tentang dokumen yang dimaksudkan.","Persyaratan dokumen umum meliputi fotokopi KTP, KK, NPWP, Pas Foto, Surat Nikah (jika sudah menikah), Slip Gaji 3 bulan terakhir, dan Surat Keterangan Kerja.",,,,
Apakah ada dokumen tambahan yang dibutuhkan jika saya seorang PNS atau wiraswasta?,"Ya. Untuk PNS, wajib melampirkan SK Terakhir. Untuk wiraswasta, wajib melampirkan SIUP/TDP atau SKU.","Maaf, saya tidak dapat menemukan informasi yang Anda cari. Saya hanya mampu memberikan informasi berdasarkan konteks di atas.",Apakah ada dokumen tambahan yang dibutuhkan jika saya seorang PNS atau wiraswasta?,"['Ya. Untuk PNS, wajib melampirkan SK Terakhir. Untuk wiraswasta, wajib melampirkan SIUP/TDP atau SKU.']","Maaf, saya tidak dapat menemukan informasi yang Anda cari. Saya hanya mampu memberikan informasi berdasarkan konteks di atas.","Ya. Untuk PNS, wajib melampirkan SK Terakhir. Untuk wiraswasta, wajib melampirkan SIUP/TDP atau SKU.",,,,
"Saya sudah bosan mengontrak rumah setiap tahun, apa solusi yang ditawarkan?",Kami menawarkan solusi memiliki rumah sendiri untuk mendapatkan ketenangan dan stabilitas. Anda bisa mempertimbangkan rumah subsidi kami yang angsurannya seringkali lebih ringan dari biaya sewa.,"Solusi yang ditawarkan adalah memiliki rumah sendiri untuk ketenangan dan stabilitas. Ini menunjukkan bahwa perumahan Bumi Nirwana Sumberejo memiliki promo tanpa DP (DP 0%) yang mungkin dapat memberi Anda keuntungan dalam hal menyewa atau membelinya. Selain itu, juga ada properti lainnya di Margojoyo Residence dengan spesifikasi rumah yang cocok untuk pertukaran. Anda bisa meninjau dan mempertimbangkan pilihan mana yang lebih sesuai untuk kebutuhan anda.","Saya sudah bosan mengontrak rumah setiap tahun, apa solusi yang ditawarkan?",['Kami menawarkan solusi memiliki rumah sendiri untuk mendapatkan ketenangan dan stabilitas. Anda bisa mempertimbangkan rumah subsidi kami yang angsurannya seringkali lebih ringan dari biaya sewa.'],"Solusi yang ditawarkan adalah memiliki rumah sendiri untuk ketenangan dan stabilitas. Ini menunjukkan bahwa perumahan Bumi Nirwana Sumberejo memiliki promo tanpa DP (DP 0%) yang mungkin dapat memberi Anda keuntungan dalam hal menyewa atau membelinya. Selain itu, juga ada properti lainnya di Margojoyo Residence dengan spesifikasi rumah yang cocok untuk pertukaran. Anda bisa meninjau dan mempertimbangkan pilihan mana yang lebih sesuai untuk kebutuhan anda.",Kami menawarkan solusi memiliki rumah sendiri untuk mendapatkan ketenangan dan stabilitas. Anda bisa mempertimbangkan rumah subsidi kami yang angsurannya seringkali lebih ringan dari biaya sewa.,,0.0,0.9999999999,
Saya khawatir proses KPR itu rumit. Apakah tim Anda bisa membantu saya?,"Tentu saja. Anda tidak perlu khawatir, karena tim kami siap membantu Anda di setiap langkahnya, mulai dari awal proses hingga serah terima kunci.","Ya, Tim Kami Bisa Membantu Anda Mengenai Proses Pembelian Rumah dengan Biaya Tidak Tinggi. Kami memiliki Kelebihan dalam Menyajikan Informasi yang Dapat Memberi Anda Kesempatan Untuk Melihat dan Mengidentifikasi Rumah-Salahnya Sebelum Mengambil Risiko.",Saya khawatir proses KPR itu rumit. Apakah tim Anda bisa membantu saya?,"['Tentu saja. Anda tidak perlu khawatir, karena tim kami siap membantu Anda di setiap langkahnya, mulai dari awal proses hingga serah terima kunci.']","Ya, Tim Kami Bisa Membantu Anda Mengenai Proses Pembelian Rumah dengan Biaya Tidak Tinggi. Kami memiliki Kelebihan dalam Menyajikan Informasi yang Dapat Memberi Anda Kesempatan Untuk Melihat dan Mengidentifikasi Rumah-Salahnya Sebelum Mengambil Risiko.","Tentu saja. Anda tidak perlu khawatir, karena tim kami siap membantu Anda di setiap langkahnya, mulai dari awal proses hingga serah terima kunci.",,,0.9999999999,
